id,difficulty,category,question
1,Hard,Express.js,Design a scalable system using API Pagination.
2,Hard,Node.js,Discuss edge cases and failure handling in OAuth2.
3,Easy,System Design,What is Load Balancing?
4,Medium,Performance & Scaling,Compare Caching with an alternative approach.
5,Hard,Databases,Discuss edge cases and failure handling in Async/Await.
6,Easy,Databases,Explain API Pagination.
7,Medium,Authentication & Security,Implement a basic example using Session Management.
8,Medium,Backend Fundamentals,Compare Middleware with an alternative approach.
9,Medium,API Design,When should you use Logging Systems in a real project?
10,Medium,Backend Fundamentals,When should you use Microservices in a real project?
11,Easy,Node.js,Why is WebSockets used in backend development?
12,Hard,Node.js,Architect a production-ready solution involving Rate Limiting.
13,Medium,System Design,Explain advantages and disadvantages of OAuth2.
14,Hard,Backend Fundamentals,Architect a production-ready solution involving Session Management.
15,Easy,Backend Fundamentals,Why is Async/Await used in backend development?
16,Easy,Performance & Scaling,Define Event Loop with an example.
17,Medium,Express.js,Explain advantages and disadvantages of Async/Await.
18,Easy,Express.js,Why is OAuth2 used in backend development?
19,Medium,System Design,Compare Caching with an alternative approach.
20,Hard,Authentication & Security,How would you optimize WebSockets for millions of users?
21,Medium,Performance & Scaling,When should you use Database Transactions in a real project?
22,Easy,Performance & Scaling,List key features of OAuth2.
23,Easy,Node.js,What is Docker?
24,Easy,Performance & Scaling,Define Logging Systems with an example.
25,Hard,Performance & Scaling,How would you optimize Session Management for millions of users?
26,Hard,API Design,Discuss edge cases and failure handling in Caching.
27,Hard,Backend Fundamentals,Design a scalable system using OAuth2.
28,Medium,Performance & Scaling,When should you use Error Handling in a real project?
29,Medium,Backend Fundamentals,When should you use Async/Await in a real project?
30,Hard,System Design,Explain performance implications of Load Balancing at scale.
31,Hard,Databases,Discuss edge cases and failure handling in JWT Authentication.
32,Medium,Node.js,When should you use Session Management in a real project?
33,Hard,Node.js,Discuss edge cases and failure handling in REST API.
34,Medium,Backend Fundamentals,How does REST API work internally?
35,Easy,System Design,Define API Pagination with an example.
36,Hard,Express.js,Design a scalable system using OAuth2.
37,Medium,Performance & Scaling,Implement a basic example using Docker.
38,Easy,Backend Fundamentals,Explain Error Handling.
39,Hard,Backend Fundamentals,Design a scalable system using Rate Limiting.
40,Hard,Backend Fundamentals,Discuss edge cases and failure handling in Session Management.
41,Medium,Express.js,Implement a basic example using Async/Await.
42,Easy,Node.js,Define WebSockets with an example.
43,Hard,Backend Fundamentals,Explain performance implications of Error Handling at scale.
44,Hard,Authentication & Security,How would you optimize Logging Systems for millions of users?
45,Hard,Express.js,Architect a production-ready solution involving Middleware.
46,Easy,System Design,Why is Load Balancing used in backend development?
47,Hard,Backend Fundamentals,Architect a production-ready solution involving Error Handling.
48,Hard,Performance & Scaling,How would you optimize Message Queues for millions of users?
49,Medium,Node.js,Explain advantages and disadvantages of Error Handling.
50,Hard,Express.js,Design a scalable system using Rate Limiting.
51,Hard,Node.js,How would you optimize WebSockets for millions of users?
52,Hard,API Design,Design a scalable system using JWT Authentication.
53,Hard,Performance & Scaling,How would you optimize Event Loop for millions of users?
54,Hard,Performance & Scaling,Architect a production-ready solution involving REST API.
55,Easy,Node.js,List key features of OAuth2.
56,Hard,Performance & Scaling,Discuss edge cases and failure handling in Database Transactions.
57,Easy,Express.js,Why is REST API used in backend development?
58,Medium,Performance & Scaling,Explain advantages and disadvantages of Session Management.
59,Hard,Backend Fundamentals,Design a scalable system using Event Loop.
60,Easy,Databases,Why is WebSockets used in backend development?
61,Hard,Express.js,How would you optimize Session Management for millions of users?
62,Easy,Authentication & Security,What is Microservices?
63,Hard,Performance & Scaling,Explain performance implications of Async/Await at scale.
64,Hard,Databases,Discuss edge cases and failure handling in Microservices.
65,Easy,Authentication & Security,What is Docker?
66,Medium,Databases,How does Rate Limiting work internally?
67,Hard,Node.js,Architect a production-ready solution involving Microservices.
68,Medium,Backend Fundamentals,Implement a basic example using Docker.
69,Hard,Databases,Discuss edge cases and failure handling in Docker.
70,Medium,Backend Fundamentals,Implement a basic example using Logging Systems.
71,Easy,Performance & Scaling,Explain JWT Authentication.
72,Hard,Performance & Scaling,Explain performance implications of Microservices at scale.
73,Easy,Express.js,What is Monitoring Tools?
74,Easy,Authentication & Security,What is Session Management?
75,Easy,Express.js,What is Rate Limiting?
76,Easy,Node.js,List key features of Database Indexing.
77,Easy,API Design,List key features of Caching.
78,Easy,Express.js,Define Microservices with an example.
79,Medium,Express.js,How does Load Balancing work internally?
80,Medium,Express.js,Compare Monitoring Tools with an alternative approach.
81,Easy,System Design,Explain Rate Limiting.
82,Easy,Performance & Scaling,List key features of Message Queues.
83,Hard,Express.js,Explain performance implications of Database Indexing at scale.
84,Hard,Node.js,Discuss edge cases and failure handling in Database Transactions.
85,Hard,API Design,Explain performance implications of Middleware at scale.
86,Easy,System Design,Why is Session Management used in backend development?
87,Medium,Databases,Explain advantages and disadvantages of Caching.
88,Hard,API Design,Discuss edge cases and failure handling in Database Indexing.
89,Hard,Authentication & Security,How would you optimize Rate Limiting for millions of users?
90,Easy,Authentication & Security,Define Session Management with an example.
91,Hard,System Design,Architect a production-ready solution involving Microservices.
92,Easy,API Design,What is Logging Systems?
93,Hard,Node.js,How would you optimize Logging Systems for millions of users?
94,Medium,Backend Fundamentals,Implement a basic example using Message Queues.
95,Easy,API Design,Define REST API with an example.
96,Medium,Performance & Scaling,How does WebSockets work internally?
97,Easy,API Design,Why is Event Loop used in backend development?
98,Easy,API Design,What is JWT Authentication?
99,Medium,Express.js,Compare Error Handling with an alternative approach.
100,Easy,Databases,Define Error Handling with an example.
101,Hard,Databases,How would you optimize OAuth2 for millions of users?
102,Medium,Node.js,How does REST API work internally?
103,Medium,Authentication & Security,When should you use Caching in a real project?
104,Easy,Performance & Scaling,Why is API Pagination used in backend development?
105,Medium,Backend Fundamentals,How does Database Indexing work internally?
106,Hard,Performance & Scaling,Architect a production-ready solution involving Load Balancing.
107,Medium,Node.js,How does Docker work internally?
108,Medium,Node.js,Implement a basic example using Database Transactions.
109,Hard,Node.js,How would you optimize Microservices for millions of users?
110,Medium,API Design,Explain advantages and disadvantages of Rate Limiting.
111,Medium,System Design,Compare Message Queues with an alternative approach.
112,Hard,Node.js,Discuss edge cases and failure handling in Database Transactions.
113,Hard,Performance & Scaling,Architect a production-ready solution involving API Pagination.
114,Medium,API Design,Compare Async/Await with an alternative approach.
115,Medium,Backend Fundamentals,Explain advantages and disadvantages of API Pagination.
116,Medium,Databases,When should you use OAuth2 in a real project?
117,Hard,API Design,Explain performance implications of Microservices at scale.
118,Easy,System Design,Explain Load Balancing.
119,Hard,Performance & Scaling,Design a scalable system using JWT Authentication.
120,Hard,Node.js,How would you optimize Docker for millions of users?
121,Easy,Backend Fundamentals,What is Monitoring Tools?
122,Hard,Databases,Discuss edge cases and failure handling in Microservices.
123,Easy,Authentication & Security,What is Monitoring Tools?
124,Easy,Express.js,Define Event Loop with an example.
125,Easy,Express.js,Why is Microservices used in backend development?
126,Medium,Databases,Implement a basic example using Message Queues.
127,Hard,System Design,Architect a production-ready solution involving Logging Systems.
128,Hard,Authentication & Security,Design a scalable system using Logging Systems.
129,Medium,Databases,When should you use Load Balancing in a real project?
130,Easy,Authentication & Security,Explain Event Loop.
131,Easy,Backend Fundamentals,What is Microservices?
132,Medium,Databases,How does Logging Systems work internally?
133,Medium,System Design,Explain advantages and disadvantages of Load Balancing.
134,Medium,Authentication & Security,Compare REST API with an alternative approach.
135,Easy,System Design,List key features of Docker.
136,Medium,Performance & Scaling,How does Docker work internally?
137,Easy,System Design,Define Monitoring Tools with an example.
138,Medium,Express.js,Compare Load Balancing with an alternative approach.
139,Easy,Authentication & Security,Define Monitoring Tools with an example.
140,Easy,API Design,What is Microservices?
141,Hard,Performance & Scaling,Discuss edge cases and failure handling in REST API.
142,Medium,Authentication & Security,Explain advantages and disadvantages of WebSockets.
143,Easy,API Design,Why is JWT Authentication used in backend development?
144,Easy,Node.js,List key features of Caching.
145,Medium,Backend Fundamentals,Compare Event Loop with an alternative approach.
146,Medium,Backend Fundamentals,Implement a basic example using Docker.
147,Hard,API Design,Architect a production-ready solution involving REST API.
148,Hard,Node.js,Discuss edge cases and failure handling in OAuth2.
149,Hard,Backend Fundamentals,Explain performance implications of Load Balancing at scale.
150,Easy,Backend Fundamentals,Explain Middleware.
151,Hard,Node.js,Explain performance implications of Rate Limiting at scale.
152,Easy,Express.js,List key features of Session Management.
153,Medium,Databases,Compare Docker with an alternative approach.
154,Easy,Performance & Scaling,Explain Middleware.
155,Medium,Databases,Implement a basic example using Async/Await.
156,Easy,Authentication & Security,Why is Session Management used in backend development?
157,Medium,Node.js,Explain advantages and disadvantages of Microservices.
158,Hard,Node.js,Architect a production-ready solution involving WebSockets.
159,Easy,System Design,Why is Microservices used in backend development?
160,Medium,API Design,Explain advantages and disadvantages of REST API.
161,Medium,API Design,How does API Pagination work internally?
162,Hard,Authentication & Security,Design a scalable system using Message Queues.
163,Easy,Performance & Scaling,Define Message Queues with an example.
164,Hard,API Design,How would you optimize Microservices for millions of users?
165,Medium,Backend Fundamentals,When should you use Middleware in a real project?
166,Medium,API Design,How does Database Indexing work internally?
167,Easy,Node.js,Define Caching with an example.
168,Medium,System Design,Implement a basic example using OAuth2.
169,Easy,API Design,Explain Load Balancing.
170,Medium,API Design,Explain advantages and disadvantages of Docker.
171,Medium,Express.js,How does Microservices work internally?
172,Easy,Performance & Scaling,List key features of Logging Systems.
173,Easy,Databases,Why is Session Management used in backend development?
174,Medium,Backend Fundamentals,Compare Database Indexing with an alternative approach.
175,Hard,Express.js,Architect a production-ready solution involving Database Transactions.
176,Hard,Databases,How would you optimize Middleware for millions of users?
177,Medium,Node.js,How does API Pagination work internally?
178,Easy,Authentication & Security,Why is Logging Systems used in backend development?
179,Hard,Node.js,Explain performance implications of Rate Limiting at scale.
180,Hard,Authentication & Security,Architect a production-ready solution involving JWT Authentication.
181,Hard,API Design,Architect a production-ready solution involving Database Transactions.
182,Hard,Node.js,Architect a production-ready solution involving Load Balancing.
183,Easy,Express.js,Explain JWT Authentication.
184,Easy,Backend Fundamentals,What is Event Loop?
185,Easy,Authentication & Security,Why is Database Indexing used in backend development?
186,Medium,Authentication & Security,How does Caching work internally?
187,Hard,Databases,Design a scalable system using Event Loop.
188,Easy,Backend Fundamentals,Why is Session Management used in backend development?
189,Medium,Node.js,How does Database Indexing work internally?
190,Hard,Node.js,Architect a production-ready solution involving REST API.
191,Medium,Backend Fundamentals,When should you use Message Queues in a real project?
192,Hard,Node.js,Explain performance implications of OAuth2 at scale.
193,Easy,Authentication & Security,Explain Load Balancing.
194,Medium,API Design,Implement a basic example using OAuth2.
195,Medium,Authentication & Security,How does Message Queues work internally?
196,Easy,Express.js,Why is Database Indexing used in backend development?
197,Easy,Express.js,Define Error Handling with an example.
198,Easy,System Design,Why is Event Loop used in backend development?
199,Medium,Express.js,How does OAuth2 work internally?
200,Medium,Authentication & Security,Explain advantages and disadvantages of Load Balancing.
201,Hard,Backend Fundamentals,Design a scalable system using REST API.
202,Medium,Performance & Scaling,Explain advantages and disadvantages of Rate Limiting.
203,Easy,Authentication & Security,Why is Microservices used in backend development?
204,Medium,Backend Fundamentals,How does Logging Systems work internally?
205,Hard,Node.js,Architect a production-ready solution involving JWT Authentication.
206,Easy,Databases,Define Event Loop with an example.
207,Medium,Performance & Scaling,Implement a basic example using Database Transactions.
208,Medium,Authentication & Security,Implement a basic example using Middleware.
209,Hard,API Design,How would you optimize Docker for millions of users?
210,Hard,Authentication & Security,How would you optimize WebSockets for millions of users?
211,Hard,Backend Fundamentals,Explain performance implications of Monitoring Tools at scale.
212,Hard,Performance & Scaling,Architect a production-ready solution involving Load Balancing.
213,Easy,Node.js,Why is REST API used in backend development?
214,Easy,Backend Fundamentals,Define Logging Systems with an example.
215,Medium,Express.js,How does Async/Await work internally?
216,Easy,Performance & Scaling,What is WebSockets?
217,Hard,Databases,How would you optimize Async/Await for millions of users?
218,Easy,Databases,What is Load Balancing?
219,Easy,Backend Fundamentals,Explain Error Handling.
220,Medium,Authentication & Security,Implement a basic example using JWT Authentication.
221,Easy,Performance & Scaling,What is Error Handling?
222,Medium,Authentication & Security,Explain advantages and disadvantages of Event Loop.
223,Hard,Databases,Architect a production-ready solution involving Microservices.
224,Hard,Authentication & Security,Discuss edge cases and failure handling in Event Loop.
225,Hard,Node.js,Explain performance implications of Monitoring Tools at scale.
226,Medium,API Design,Explain advantages and disadvantages of Async/Await.
227,Easy,Performance & Scaling,What is Message Queues?
228,Medium,API Design,How does Database Indexing work internally?
229,Medium,System Design,Implement a basic example using Docker.
230,Hard,Performance & Scaling,Architect a production-ready solution involving Docker.
231,Easy,Express.js,Define Logging Systems with an example.
232,Easy,Performance & Scaling,Define Event Loop with an example.
233,Medium,API Design,How does Message Queues work internally?
234,Easy,System Design,List key features of WebSockets.
235,Easy,Backend Fundamentals,Define REST API with an example.
236,Medium,Databases,Compare REST API with an alternative approach.
237,Easy,Node.js,What is Session Management?
238,Easy,Performance & Scaling,Why is API Pagination used in backend development?
239,Medium,System Design,How does Middleware work internally?
240,Easy,Backend Fundamentals,Define Error Handling with an example.
241,Hard,API Design,How would you optimize Event Loop for millions of users?
242,Medium,Performance & Scaling,Compare Monitoring Tools with an alternative approach.
243,Medium,API Design,How does Docker work internally?
244,Easy,Performance & Scaling,List key features of WebSockets.
245,Medium,Authentication & Security,When should you use Caching in a real project?
246,Hard,Node.js,Explain performance implications of Caching at scale.
247,Medium,Express.js,Explain advantages and disadvantages of WebSockets.
248,Easy,API Design,Define Microservices with an example.
249,Easy,Authentication & Security,Define Rate Limiting with an example.
250,Easy,Node.js,Explain Middleware.
251,Medium,API Design,Explain advantages and disadvantages of Session Management.
252,Hard,Express.js,How would you optimize Monitoring Tools for millions of users?
253,Medium,Performance & Scaling,Compare Caching with an alternative approach.
254,Hard,Databases,How would you optimize Database Indexing for millions of users?
255,Easy,Performance & Scaling,What is OAuth2?
256,Medium,System Design,How does API Pagination work internally?
257,Hard,Backend Fundamentals,How would you optimize Docker for millions of users?
258,Easy,API Design,What is Rate Limiting?
259,Easy,Node.js,List key features of JWT Authentication.
260,Medium,Backend Fundamentals,When should you use Async/Await in a real project?
261,Easy,Backend Fundamentals,Define REST API with an example.
262,Medium,Performance & Scaling,Explain advantages and disadvantages of Caching.
263,Easy,API Design,Define WebSockets with an example.
264,Hard,Databases,Design a scalable system using Docker.
265,Hard,Backend Fundamentals,Explain performance implications of Session Management at scale.
266,Medium,System Design,Explain advantages and disadvantages of REST API.
267,Medium,System Design,How does Rate Limiting work internally?
268,Easy,API Design,What is OAuth2?
269,Medium,System Design,How does Rate Limiting work internally?
270,Easy,API Design,What is API Pagination?
271,Easy,System Design,Explain Database Transactions.
272,Easy,Databases,Explain REST API.
273,Easy,Node.js,Define Monitoring Tools with an example.
274,Medium,API Design,Implement a basic example using API Pagination.
275,Medium,System Design,Implement a basic example using Event Loop.
276,Hard,Performance & Scaling,Explain performance implications of OAuth2 at scale.
277,Hard,Backend Fundamentals,Explain performance implications of WebSockets at scale.
278,Easy,Express.js,Explain Logging Systems.
279,Hard,Node.js,Architect a production-ready solution involving REST API.
280,Hard,Backend Fundamentals,Discuss edge cases and failure handling in WebSockets.
281,Medium,Node.js,Compare Caching with an alternative approach.
282,Hard,System Design,Discuss edge cases and failure handling in WebSockets.
283,Easy,System Design,Explain Monitoring Tools.
284,Easy,Express.js,What is API Pagination?
285,Easy,System Design,Explain Database Transactions.
286,Hard,Authentication & Security,Explain performance implications of JWT Authentication at scale.
287,Hard,Node.js,Discuss edge cases and failure handling in Async/Await.
288,Easy,Authentication & Security,Why is Load Balancing used in backend development?
289,Hard,Node.js,Architect a production-ready solution involving WebSockets.
290,Medium,Databases,Explain advantages and disadvantages of WebSockets.
291,Hard,System Design,Explain performance implications of Rate Limiting at scale.
292,Hard,Performance & Scaling,How would you optimize Error Handling for millions of users?
293,Easy,Databases,What is Monitoring Tools?
294,Hard,Authentication & Security,Architect a production-ready solution involving Load Balancing.
295,Hard,Backend Fundamentals,Explain performance implications of WebSockets at scale.
296,Easy,Backend Fundamentals,Explain OAuth2.
297,Hard,System Design,Design a scalable system using API Pagination.
298,Easy,Node.js,Explain JWT Authentication.
299,Easy,Databases,Define Async/Await with an example.
300,Hard,Databases,Discuss edge cases and failure handling in Docker.
301,Medium,Backend Fundamentals,Implement a basic example using Session Management.
302,Medium,Databases,How does Middleware work internally?
303,Easy,Backend Fundamentals,Explain Error Handling.
304,Medium,Databases,Explain advantages and disadvantages of API Pagination.
305,Hard,Authentication & Security,Explain performance implications of Docker at scale.
306,Medium,Express.js,When should you use Session Management in a real project?
307,Hard,Express.js,Explain performance implications of Session Management at scale.
308,Easy,Express.js,Define Middleware with an example.
309,Easy,Express.js,List key features of Event Loop.
310,Hard,Performance & Scaling,Architect a production-ready solution involving Logging Systems.
311,Hard,Performance & Scaling,How would you optimize JWT Authentication for millions of users?
312,Medium,Express.js,Explain advantages and disadvantages of Docker.
313,Hard,Performance & Scaling,Design a scalable system using Event Loop.
314,Easy,System Design,List key features of Monitoring Tools.
315,Hard,Performance & Scaling,Discuss edge cases and failure handling in JWT Authentication.
316,Medium,System Design,Explain advantages and disadvantages of Error Handling.
317,Easy,Authentication & Security,Explain API Pagination.
318,Easy,Databases,List key features of OAuth2.
319,Easy,API Design,Explain OAuth2.
320,Easy,Databases,What is REST API?
321,Medium,Performance & Scaling,Explain advantages and disadvantages of Database Indexing.
322,Easy,Authentication & Security,What is Middleware?
323,Easy,Authentication & Security,Define Async/Await with an example.
324,Hard,API Design,Design a scalable system using Message Queues.
325,Hard,Authentication & Security,Explain performance implications of Microservices at scale.
326,Medium,Node.js,How does Rate Limiting work internally?
327,Hard,Performance & Scaling,Explain performance implications of API Pagination at scale.
328,Medium,Databases,Explain advantages and disadvantages of OAuth2.
329,Hard,Node.js,How would you optimize Error Handling for millions of users?
330,Medium,Express.js,When should you use Event Loop in a real project?
331,Easy,API Design,Why is Logging Systems used in backend development?
332,Medium,Databases,Compare Microservices with an alternative approach.
333,Medium,Databases,When should you use REST API in a real project?
334,Medium,Databases,How does Microservices work internally?
335,Hard,System Design,Discuss edge cases and failure handling in Middleware.
336,Medium,Backend Fundamentals,How does Docker work internally?
337,Hard,Performance & Scaling,How would you optimize Microservices for millions of users?
338,Hard,Node.js,Discuss edge cases and failure handling in REST API.
339,Medium,Authentication & Security,Compare Message Queues with an alternative approach.
340,Hard,Performance & Scaling,Explain performance implications of Event Loop at scale.
341,Hard,Performance & Scaling,Discuss edge cases and failure handling in Event Loop.
342,Medium,Express.js,Implement a basic example using Database Indexing.
343,Hard,Authentication & Security,Explain performance implications of Docker at scale.
344,Hard,Express.js,How would you optimize Monitoring Tools for millions of users?
345,Medium,Performance & Scaling,Explain advantages and disadvantages of Error Handling.
346,Easy,Performance & Scaling,List key features of Caching.
347,Medium,Performance & Scaling,When should you use Error Handling in a real project?
348,Hard,Node.js,How would you optimize Async/Await for millions of users?
349,Hard,Performance & Scaling,Architect a production-ready solution involving Error Handling.
350,Medium,System Design,Explain advantages and disadvantages of Message Queues.
351,Easy,Performance & Scaling,List key features of Middleware.
352,Hard,Performance & Scaling,Architect a production-ready solution involving JWT Authentication.
353,Hard,API Design,Architect a production-ready solution involving Middleware.
354,Easy,Databases,What is Load Balancing?
355,Easy,Express.js,What is Logging Systems?
356,Hard,Authentication & Security,Explain performance implications of Load Balancing at scale.
357,Hard,Backend Fundamentals,Discuss edge cases and failure handling in Monitoring Tools.
358,Hard,System Design,Discuss edge cases and failure handling in Database Indexing.
359,Hard,Backend Fundamentals,Explain performance implications of Monitoring Tools at scale.
360,Medium,System Design,Explain advantages and disadvantages of API Pagination.
361,Easy,System Design,Explain Docker.
362,Hard,System Design,Architect a production-ready solution involving Middleware.
363,Hard,Performance & Scaling,Explain performance implications of WebSockets at scale.
364,Easy,Backend Fundamentals,What is Logging Systems?
365,Hard,Databases,Design a scalable system using Error Handling.
366,Hard,System Design,Explain performance implications of Database Transactions at scale.
367,Hard,Backend Fundamentals,Architect a production-ready solution involving REST API.
368,Medium,Express.js,Implement a basic example using Session Management.
369,Easy,Node.js,List key features of Caching.
370,Medium,Node.js,Implement a basic example using OAuth2.
371,Medium,Performance & Scaling,Implement a basic example using Message Queues.
372,Easy,Node.js,What is Microservices?
373,Hard,Node.js,Discuss edge cases and failure handling in Caching.
374,Medium,Backend Fundamentals,Implement a basic example using Async/Await.
375,Hard,Backend Fundamentals,How would you optimize Message Queues for millions of users?
376,Hard,Authentication & Security,Design a scalable system using Middleware.
377,Easy,Performance & Scaling,Why is Load Balancing used in backend development?
378,Medium,Express.js,How does Logging Systems work internally?
379,Easy,Authentication & Security,Define JWT Authentication with an example.
380,Hard,Node.js,Explain performance implications of Monitoring Tools at scale.
381,Easy,Backend Fundamentals,List key features of Monitoring Tools.
382,Easy,Backend Fundamentals,Define OAuth2 with an example.
383,Medium,API Design,Compare Async/Await with an alternative approach.
384,Hard,Backend Fundamentals,Explain performance implications of API Pagination at scale.
385,Easy,Performance & Scaling,Explain Session Management.
386,Medium,System Design,Implement a basic example using Middleware.
387,Medium,Databases,How does REST API work internally?
388,Easy,API Design,List key features of Async/Await.
389,Easy,API Design,Explain Microservices.
390,Medium,Performance & Scaling,When should you use Logging Systems in a real project?
391,Medium,Backend Fundamentals,How does REST API work internally?
392,Hard,Databases,Discuss edge cases and failure handling in Caching.
393,Medium,System Design,Implement a basic example using Message Queues.
394,Easy,API Design,List key features of Session Management.
395,Medium,API Design,Explain advantages and disadvantages of Caching.
396,Easy,Backend Fundamentals,Explain Error Handling.
397,Easy,System Design,Why is Async/Await used in backend development?
398,Easy,API Design,Why is Load Balancing used in backend development?
399,Medium,Authentication & Security,How does Middleware work internally?
400,Hard,Performance & Scaling,Architect a production-ready solution involving JWT Authentication.
401,Easy,Authentication & Security,Why is Message Queues used in backend development?
402,Medium,Express.js,Implement a basic example using Rate Limiting.
403,Easy,Backend Fundamentals,Explain Error Handling.
404,Medium,Node.js,How does Session Management work internally?
405,Hard,Node.js,Discuss edge cases and failure handling in Logging Systems.
406,Easy,Backend Fundamentals,Explain JWT Authentication.
407,Hard,Backend Fundamentals,Discuss edge cases and failure handling in Logging Systems.
408,Easy,System Design,What is Database Transactions?
409,Medium,API Design,When should you use Async/Await in a real project?
410,Medium,System Design,Compare Caching with an alternative approach.
411,Hard,System Design,Design a scalable system using Event Loop.
412,Medium,Authentication & Security,Explain advantages and disadvantages of Load Balancing.
413,Easy,Performance & Scaling,What is Monitoring Tools?
414,Medium,Authentication & Security,When should you use Rate Limiting in a real project?
415,Hard,Node.js,How would you optimize Message Queues for millions of users?
416,Hard,System Design,Discuss edge cases and failure handling in Error Handling.
417,Medium,Express.js,Explain advantages and disadvantages of Microservices.
418,Easy,Performance & Scaling,Define Logging Systems with an example.
419,Hard,Backend Fundamentals,Architect a production-ready solution involving Async/Await.
420,Medium,Backend Fundamentals,When should you use API Pagination in a real project?
421,Easy,API Design,Explain Docker.
422,Easy,Express.js,Why is Load Balancing used in backend development?
423,Medium,Backend Fundamentals,Explain advantages and disadvantages of Load Balancing.
424,Easy,Databases,Explain Session Management.
425,Hard,Node.js,Architect a production-ready solution involving Middleware.
426,Hard,Backend Fundamentals,Explain performance implications of OAuth2 at scale.
427,Hard,System Design,How would you optimize Caching for millions of users?
428,Hard,API Design,Design a scalable system using Docker.
429,Medium,Performance & Scaling,Implement a basic example using Docker.
430,Hard,Backend Fundamentals,How would you optimize OAuth2 for millions of users?
431,Hard,System Design,Design a scalable system using Caching.
432,Easy,Backend Fundamentals,List key features of Event Loop.
433,Hard,Node.js,How would you optimize Docker for millions of users?
434,Medium,System Design,Compare Monitoring Tools with an alternative approach.
435,Hard,Databases,Architect a production-ready solution involving JWT Authentication.
436,Easy,Performance & Scaling,What is Load Balancing?
437,Hard,Express.js,How would you optimize JWT Authentication for millions of users?
438,Easy,Authentication & Security,What is REST API?
439,Easy,System Design,Explain API Pagination.
440,Medium,Backend Fundamentals,Implement a basic example using API Pagination.
441,Easy,Databases,Why is Rate Limiting used in backend development?
442,Hard,Express.js,Architect a production-ready solution involving Error Handling.
443,Medium,Authentication & Security,How does Middleware work internally?
444,Easy,Express.js,Define Rate Limiting with an example.
445,Medium,Performance & Scaling,When should you use Database Transactions in a real project?
446,Medium,System Design,When should you use WebSockets in a real project?
447,Easy,API Design,What is Event Loop?
448,Easy,Databases,List key features of Monitoring Tools.
449,Hard,API Design,Architect a production-ready solution involving Load Balancing.
450,Hard,Backend Fundamentals,Design a scalable system using Docker.
451,Medium,API Design,Implement a basic example using API Pagination.
452,Easy,Performance & Scaling,List key features of API Pagination.
453,Easy,API Design,List key features of Database Transactions.
454,Medium,Performance & Scaling,When should you use WebSockets in a real project?
455,Hard,Databases,How would you optimize Event Loop for millions of users?
456,Easy,Backend Fundamentals,Why is Database Indexing used in backend development?
457,Easy,Authentication & Security,Why is Database Indexing used in backend development?
458,Medium,Node.js,How does Logging Systems work internally?
459,Hard,Databases,Discuss edge cases and failure handling in Microservices.
460,Easy,Node.js,List key features of Async/Await.
461,Easy,Express.js,Define Message Queues with an example.
462,Hard,Databases,Discuss edge cases and failure handling in OAuth2.
463,Medium,Express.js,When should you use Microservices in a real project?
464,Hard,System Design,Explain performance implications of Event Loop at scale.
465,Medium,Backend Fundamentals,Implement a basic example using Async/Await.
466,Medium,Backend Fundamentals,When should you use Logging Systems in a real project?
467,Hard,API Design,How would you optimize OAuth2 for millions of users?
468,Hard,System Design,How would you optimize Session Management for millions of users?
469,Easy,Databases,Explain JWT Authentication.
470,Easy,System Design,Why is Message Queues used in backend development?
471,Hard,System Design,Explain performance implications of Caching at scale.
472,Hard,Express.js,Architect a production-ready solution involving Message Queues.
473,Medium,Authentication & Security,Compare WebSockets with an alternative approach.
474,Easy,Databases,What is Monitoring Tools?
475,Easy,System Design,What is Rate Limiting?
476,Easy,Backend Fundamentals,Define OAuth2 with an example.
477,Easy,Backend Fundamentals,Why is Rate Limiting used in backend development?
478,Hard,System Design,How would you optimize OAuth2 for millions of users?
479,Hard,API Design,Design a scalable system using Logging Systems.
480,Medium,Backend Fundamentals,Implement a basic example using Event Loop.
481,Easy,Node.js,Why is Docker used in backend development?
482,Hard,Performance & Scaling,How would you optimize Message Queues for millions of users?
483,Hard,Databases,Explain performance implications of Rate Limiting at scale.
484,Hard,Express.js,How would you optimize Load Balancing for millions of users?
485,Hard,Databases,How would you optimize Async/Await for millions of users?
486,Medium,Authentication & Security,Compare Event Loop with an alternative approach.
487,Medium,Databases,When should you use Database Transactions in a real project?
488,Hard,Performance & Scaling,Discuss edge cases and failure handling in JWT Authentication.
489,Medium,Authentication & Security,Implement a basic example using Database Transactions.
490,Easy,Performance & Scaling,What is Docker?
491,Medium,Databases,Explain advantages and disadvantages of Rate Limiting.
492,Easy,Express.js,Why is Load Balancing used in backend development?
493,Medium,Authentication & Security,How does Event Loop work internally?
494,Hard,Express.js,Explain performance implications of API Pagination at scale.
495,Hard,Express.js,Design a scalable system using API Pagination.
496,Easy,Express.js,Why is Rate Limiting used in backend development?
497,Medium,System Design,Implement a basic example using Microservices.
498,Hard,Node.js,Design a scalable system using Database Transactions.
499,Hard,Node.js,Architect a production-ready solution involving Error Handling.
500,Easy,Databases,Why is WebSockets used in backend development?
501,Easy,Authentication & Security,Explain Middleware.
502,Hard,Backend Fundamentals,Architect a production-ready solution involving REST API.
503,Medium,Express.js,How does Error Handling work internally?
504,Hard,Express.js,Discuss edge cases and failure handling in Middleware.
505,Hard,Node.js,How would you optimize Load Balancing for millions of users?
506,Medium,Express.js,When should you use Rate Limiting in a real project?
507,Easy,Node.js,What is Database Transactions?
508,Hard,Node.js,How would you optimize API Pagination for millions of users?
509,Hard,Authentication & Security,Explain performance implications of Database Indexing at scale.
510,Medium,Authentication & Security,Compare Rate Limiting with an alternative approach.
511,Medium,Node.js,Explain advantages and disadvantages of Database Indexing.
512,Hard,Express.js,Explain performance implications of Microservices at scale.
513,Hard,Node.js,Architect a production-ready solution involving Database Indexing.
514,Medium,API Design,How does REST API work internally?
515,Easy,Express.js,What is Monitoring Tools?
516,Easy,Performance & Scaling,What is Async/Await?
517,Hard,Databases,Explain performance implications of Database Transactions at scale.
518,Hard,Authentication & Security,Explain performance implications of Logging Systems at scale.
519,Easy,Express.js,What is Load Balancing?
520,Hard,Performance & Scaling,Explain performance implications of Caching at scale.
521,Hard,Authentication & Security,Discuss edge cases and failure handling in API Pagination.
522,Medium,Express.js,How does Monitoring Tools work internally?
523,Easy,API Design,Why is OAuth2 used in backend development?
524,Hard,Node.js,Explain performance implications of Monitoring Tools at scale.
525,Medium,Databases,When should you use Message Queues in a real project?
526,Easy,System Design,Define Docker with an example.
527,Hard,Express.js,Architect a production-ready solution involving Message Queues.
528,Medium,Databases,When should you use Event Loop in a real project?
529,Easy,Backend Fundamentals,Why is Database Transactions used in backend development?
530,Easy,Databases,List key features of Logging Systems.
531,Medium,Authentication & Security,Compare OAuth2 with an alternative approach.
532,Medium,Authentication & Security,Explain advantages and disadvantages of Docker.
533,Medium,Performance & Scaling,Implement a basic example using Docker.
534,Hard,Performance & Scaling,Explain performance implications of Caching at scale.
535,Medium,API Design,Compare Error Handling with an alternative approach.
536,Easy,Authentication & Security,What is Message Queues?
537,Easy,Express.js,What is Rate Limiting?
538,Medium,Databases,Explain advantages and disadvantages of Middleware.
539,Medium,Databases,Explain advantages and disadvantages of Rate Limiting.
540,Medium,Authentication & Security,How does REST API work internally?
541,Hard,System Design,Design a scalable system using Error Handling.
542,Easy,Databases,Define Rate Limiting with an example.
543,Medium,Backend Fundamentals,Explain advantages and disadvantages of Microservices.
544,Hard,Databases,Explain performance implications of REST API at scale.
545,Hard,API Design,Explain performance implications of Docker at scale.
546,Hard,Node.js,Explain performance implications of Session Management at scale.
547,Easy,System Design,What is Docker?
548,Hard,Backend Fundamentals,Discuss edge cases and failure handling in Database Indexing.
549,Medium,Performance & Scaling,Compare Microservices with an alternative approach.
550,Hard,Databases,Design a scalable system using JWT Authentication.
551,Medium,Databases,Implement a basic example using Logging Systems.
552,Hard,Performance & Scaling,Design a scalable system using Load Balancing.
553,Hard,Databases,Discuss edge cases and failure handling in JWT Authentication.
554,Medium,Node.js,Explain advantages and disadvantages of JWT Authentication.
555,Easy,API Design,Define Database Indexing with an example.
556,Easy,Databases,Why is REST API used in backend development?
557,Easy,Databases,What is Database Transactions?
558,Medium,Performance & Scaling,How does Async/Await work internally?
559,Medium,Authentication & Security,Compare Database Transactions with an alternative approach.
560,Hard,Authentication & Security,Architect a production-ready solution involving Microservices.
561,Easy,Node.js,Define Event Loop with an example.
562,Easy,Authentication & Security,Define Rate Limiting with an example.
563,Hard,Node.js,Design a scalable system using Microservices.
564,Medium,Databases,How does Session Management work internally?
565,Medium,Authentication & Security,Compare Logging Systems with an alternative approach.
566,Easy,API Design,What is Docker?
567,Easy,Node.js,What is Database Indexing?
568,Medium,Authentication & Security,When should you use REST API in a real project?
569,Hard,System Design,Architect a production-ready solution involving WebSockets.
570,Medium,API Design,Explain advantages and disadvantages of Monitoring Tools.
571,Hard,Backend Fundamentals,Design a scalable system using Middleware.
572,Hard,System Design,Design a scalable system using JWT Authentication.
573,Hard,Authentication & Security,Explain performance implications of JWT Authentication at scale.
574,Easy,Databases,What is Logging Systems?
575,Hard,Node.js,Design a scalable system using JWT Authentication.
576,Medium,Performance & Scaling,Explain advantages and disadvantages of API Pagination.
577,Medium,Backend Fundamentals,Implement a basic example using Logging Systems.
578,Medium,System Design,Compare JWT Authentication with an alternative approach.
579,Medium,System Design,When should you use Monitoring Tools in a real project?
580,Hard,Backend Fundamentals,Discuss edge cases and failure handling in Caching.
581,Medium,Databases,How does OAuth2 work internally?
582,Easy,Express.js,List key features of JWT Authentication.
583,Easy,Authentication & Security,What is Microservices?
584,Easy,Databases,What is Monitoring Tools?
585,Easy,Backend Fundamentals,Define Database Indexing with an example.
586,Medium,System Design,How does Database Transactions work internally?
587,Easy,Express.js,What is Event Loop?
588,Hard,System Design,Design a scalable system using Error Handling.
589,Easy,Node.js,Define Rate Limiting with an example.
590,Hard,Node.js,Design a scalable system using Load Balancing.
591,Hard,Performance & Scaling,Explain performance implications of Rate Limiting at scale.
592,Medium,Authentication & Security,Implement a basic example using WebSockets.
593,Medium,Node.js,How does Middleware work internally?
594,Hard,Backend Fundamentals,Explain performance implications of Error Handling at scale.
595,Hard,Backend Fundamentals,Discuss edge cases and failure handling in WebSockets.
596,Hard,Backend Fundamentals,Design a scalable system using Async/Await.
597,Medium,API Design,Compare Async/Await with an alternative approach.
598,Hard,System Design,Architect a production-ready solution involving Docker.
599,Hard,Node.js,Discuss edge cases and failure handling in JWT Authentication.
600,Medium,Performance & Scaling,Explain advantages and disadvantages of WebSockets.
601,Medium,Authentication & Security,When should you use Event Loop in a real project?
602,Medium,Backend Fundamentals,Explain advantages and disadvantages of WebSockets.
603,Easy,Backend Fundamentals,List key features of Database Indexing.
604,Easy,API Design,What is Database Transactions?
605,Easy,Performance & Scaling,What is Docker?
606,Medium,Backend Fundamentals,How does Error Handling work internally?
607,Hard,System Design,How would you optimize Rate Limiting for millions of users?
608,Medium,Authentication & Security,How does Event Loop work internally?
609,Medium,System Design,Compare Session Management with an alternative approach.
610,Medium,Databases,Implement a basic example using Message Queues.
611,Easy,Node.js,List key features of Database Indexing.
612,Easy,System Design,Define Session Management with an example.
613,Easy,Backend Fundamentals,Explain Event Loop.
614,Hard,API Design,Discuss edge cases and failure handling in Load Balancing.
615,Easy,Databases,List key features of Caching.
616,Medium,Node.js,How does Error Handling work internally?
617,Easy,Databases,Why is Monitoring Tools used in backend development?
618,Medium,Authentication & Security,Explain advantages and disadvantages of OAuth2.
619,Medium,System Design,Implement a basic example using Microservices.
620,Easy,System Design,Explain WebSockets.
621,Easy,Performance & Scaling,List key features of Load Balancing.
622,Hard,Authentication & Security,Architect a production-ready solution involving OAuth2.
623,Hard,Backend Fundamentals,Discuss edge cases and failure handling in JWT Authentication.
624,Medium,Authentication & Security,Compare Session Management with an alternative approach.
625,Hard,System Design,Design a scalable system using Load Balancing.
626,Medium,System Design,Explain advantages and disadvantages of Session Management.
627,Hard,Authentication & Security,Explain performance implications of REST API at scale.
628,Easy,Performance & Scaling,What is Database Transactions?
629,Hard,Databases,Explain performance implications of Middleware at scale.
630,Medium,API Design,Explain advantages and disadvantages of Load Balancing.
631,Hard,Authentication & Security,Design a scalable system using Docker.
632,Easy,Express.js,Explain Monitoring Tools.
633,Medium,Backend Fundamentals,Implement a basic example using OAuth2.
634,Medium,Databases,Compare Async/Await with an alternative approach.
635,Easy,Performance & Scaling,Define Load Balancing with an example.
636,Medium,Backend Fundamentals,How does Docker work internally?
637,Easy,API Design,List key features of Monitoring Tools.
638,Easy,Performance & Scaling,What is Load Balancing?
639,Hard,Backend Fundamentals,Design a scalable system using WebSockets.
640,Hard,Databases,Explain performance implications of Message Queues at scale.
641,Medium,Node.js,How does API Pagination work internally?
642,Hard,Performance & Scaling,How would you optimize Error Handling for millions of users?
643,Easy,Authentication & Security,What is API Pagination?
644,Medium,Backend Fundamentals,Explain advantages and disadvantages of API Pagination.
645,Hard,Authentication & Security,Architect a production-ready solution involving Logging Systems.
646,Medium,Node.js,How does Rate Limiting work internally?
647,Medium,Authentication & Security,Implement a basic example using Caching.
648,Easy,Performance & Scaling,Why is Monitoring Tools used in backend development?
649,Hard,Databases,Design a scalable system using Async/Await.
650,Easy,Backend Fundamentals,What is Logging Systems?
651,Hard,Express.js,Architect a production-ready solution involving Logging Systems.
652,Medium,System Design,How does Database Indexing work internally?
653,Easy,System Design,Define Load Balancing with an example.
654,Hard,Performance & Scaling,Architect a production-ready solution involving Monitoring Tools.
655,Medium,Backend Fundamentals,Compare Database Transactions with an alternative approach.
656,Medium,Databases,How does Message Queues work internally?
657,Hard,System Design,Architect a production-ready solution involving Error Handling.
658,Medium,Backend Fundamentals,When should you use Monitoring Tools in a real project?
659,Medium,Express.js,How does Monitoring Tools work internally?
660,Medium,System Design,Explain advantages and disadvantages of WebSockets.
661,Medium,Performance & Scaling,Compare Async/Await with an alternative approach.
662,Easy,Node.js,Explain Database Indexing.
663,Hard,API Design,Discuss edge cases and failure handling in Middleware.
664,Hard,Performance & Scaling,Discuss edge cases and failure handling in API Pagination.
665,Hard,API Design,Architect a production-ready solution involving Logging Systems.
666,Easy,API Design,What is Microservices?
667,Medium,System Design,Implement a basic example using Error Handling.
668,Easy,Databases,Explain Database Indexing.
669,Easy,API Design,Why is Caching used in backend development?
670,Medium,System Design,Compare Microservices with an alternative approach.
671,Easy,Authentication & Security,What is Async/Await?
672,Medium,Node.js,Implement a basic example using Async/Await.
673,Easy,System Design,List key features of Load Balancing.
674,Easy,Authentication & Security,Why is Error Handling used in backend development?
675,Easy,Backend Fundamentals,List key features of Message Queues.
676,Medium,Node.js,How does Error Handling work internally?
677,Hard,Databases,Explain performance implications of WebSockets at scale.
678,Hard,Backend Fundamentals,Architect a production-ready solution involving Microservices.
679,Hard,Node.js,Architect a production-ready solution involving OAuth2.
680,Hard,Express.js,Explain performance implications of Error Handling at scale.
681,Medium,Backend Fundamentals,Implement a basic example using API Pagination.
682,Hard,Databases,Design a scalable system using Database Transactions.
683,Hard,Node.js,Explain performance implications of Middleware at scale.
684,Easy,Backend Fundamentals,List key features of Session Management.
685,Easy,Authentication & Security,Define JWT Authentication with an example.
686,Easy,System Design,What is Error Handling?
687,Medium,System Design,Explain advantages and disadvantages of WebSockets.
688,Easy,Databases,What is Middleware?
689,Medium,Express.js,How does Load Balancing work internally?
690,Medium,Node.js,How does Database Indexing work internally?
691,Easy,Performance & Scaling,What is Async/Await?
692,Hard,Node.js,How would you optimize Async/Await for millions of users?
693,Hard,Express.js,Explain performance implications of Middleware at scale.
694,Medium,Express.js,Explain advantages and disadvantages of Monitoring Tools.
695,Easy,API Design,Why is Message Queues used in backend development?
696,Hard,System Design,Explain performance implications of Microservices at scale.
697,Hard,Authentication & Security,How would you optimize API Pagination for millions of users?
698,Medium,System Design,Explain advantages and disadvantages of JWT Authentication.
699,Easy,Performance & Scaling,Explain Error Handling.
700,Hard,System Design,How would you optimize Session Management for millions of users?
701,Medium,Performance & Scaling,Explain advantages and disadvantages of Error Handling.
702,Medium,Express.js,How does Docker work internally?
703,Easy,Databases,What is Monitoring Tools?
704,Easy,Performance & Scaling,Explain OAuth2.
705,Medium,API Design,Implement a basic example using Session Management.
706,Hard,System Design,Design a scalable system using API Pagination.
707,Easy,Express.js,Define JWT Authentication with an example.
708,Easy,Performance & Scaling,Why is Load Balancing used in backend development?
709,Medium,System Design,Implement a basic example using Message Queues.
710,Hard,Node.js,Architect a production-ready solution involving Monitoring Tools.
711,Easy,Express.js,What is REST API?
712,Hard,Express.js,Explain performance implications of Middleware at scale.
713,Easy,Authentication & Security,What is Session Management?
714,Easy,Authentication & Security,Why is Monitoring Tools used in backend development?
715,Medium,Node.js,Implement a basic example using Event Loop.
716,Medium,Backend Fundamentals,How does API Pagination work internally?
717,Medium,API Design,How does Docker work internally?
718,Easy,Backend Fundamentals,Define Database Transactions with an example.
719,Medium,Express.js,Explain advantages and disadvantages of Rate Limiting.
720,Medium,API Design,Explain advantages and disadvantages of Middleware.
721,Medium,Node.js,Implement a basic example using JWT Authentication.
722,Hard,Express.js,Design a scalable system using Docker.
723,Medium,Backend Fundamentals,Implement a basic example using Error Handling.
724,Hard,API Design,Design a scalable system using Session Management.
725,Easy,System Design,Why is Session Management used in backend development?
726,Hard,Databases,Architect a production-ready solution involving API Pagination.
727,Easy,Backend Fundamentals,What is Database Indexing?
728,Medium,Backend Fundamentals,Explain advantages and disadvantages of Rate Limiting.
729,Easy,Node.js,Explain Middleware.
730,Hard,System Design,Design a scalable system using Database Indexing.
731,Easy,Databases,List key features of REST API.
732,Medium,API Design,When should you use API Pagination in a real project?
733,Easy,Node.js,Define REST API with an example.
734,Hard,Performance & Scaling,Discuss edge cases and failure handling in Microservices.
735,Hard,Authentication & Security,Design a scalable system using Logging Systems.
736,Hard,Node.js,Discuss edge cases and failure handling in Database Transactions.
737,Medium,Express.js,Compare Database Transactions with an alternative approach.
738,Hard,System Design,How would you optimize Logging Systems for millions of users?
739,Hard,Backend Fundamentals,Architect a production-ready solution involving Session Management.
740,Easy,Databases,Explain Event Loop.
741,Easy,API Design,Explain Async/Await.
742,Medium,Node.js,When should you use Session Management in a real project?
743,Easy,Backend Fundamentals,Why is Microservices used in backend development?
744,Medium,Databases,Explain advantages and disadvantages of Load Balancing.
745,Hard,Express.js,How would you optimize JWT Authentication for millions of users?
746,Easy,Authentication & Security,List key features of Event Loop.
747,Medium,Node.js,Explain advantages and disadvantages of Caching.
748,Medium,API Design,Compare Middleware with an alternative approach.
749,Hard,Performance & Scaling,Discuss edge cases and failure handling in Message Queues.
750,Medium,API Design,How does Middleware work internally?
751,Hard,Performance & Scaling,Architect a production-ready solution involving Load Balancing.
752,Easy,API Design,Explain Session Management.
753,Hard,Backend Fundamentals,How would you optimize WebSockets for millions of users?
754,Hard,Backend Fundamentals,Design a scalable system using Logging Systems.
755,Medium,System Design,Implement a basic example using Event Loop.
756,Hard,Performance & Scaling,Discuss edge cases and failure handling in Load Balancing.
757,Hard,Node.js,Design a scalable system using Error Handling.
758,Hard,Databases,Discuss edge cases and failure handling in Load Balancing.
759,Hard,Backend Fundamentals,Architect a production-ready solution involving Docker.
760,Easy,Databases,List key features of Event Loop.
761,Easy,Performance & Scaling,Explain Error Handling.
762,Hard,System Design,Discuss edge cases and failure handling in Load Balancing.
763,Medium,Backend Fundamentals,Compare Message Queues with an alternative approach.
764,Easy,Node.js,Define Microservices with an example.
765,Easy,Performance & Scaling,Why is JWT Authentication used in backend development?
766,Easy,Backend Fundamentals,Define JWT Authentication with an example.
767,Medium,API Design,When should you use WebSockets in a real project?
768,Medium,System Design,When should you use Database Transactions in a real project?
769,Hard,Backend Fundamentals,Explain performance implications of Error Handling at scale.
770,Medium,Express.js,Explain advantages and disadvantages of Caching.
771,Medium,Node.js,Compare OAuth2 with an alternative approach.
772,Medium,Node.js,Compare Load Balancing with an alternative approach.
773,Hard,Authentication & Security,Discuss edge cases and failure handling in Event Loop.
774,Medium,Performance & Scaling,Explain advantages and disadvantages of Database Indexing.
775,Easy,API Design,What is Docker?
776,Hard,Node.js,How would you optimize Caching for millions of users?
777,Hard,Express.js,Architect a production-ready solution involving Async/Await.
778,Medium,Backend Fundamentals,Implement a basic example using WebSockets.
779,Easy,Backend Fundamentals,Why is Database Indexing used in backend development?
780,Hard,API Design,How would you optimize OAuth2 for millions of users?
781,Hard,Performance & Scaling,How would you optimize Error Handling for millions of users?
782,Hard,Node.js,Design a scalable system using Error Handling.
783,Medium,Node.js,How does API Pagination work internally?
784,Medium,Express.js,When should you use Error Handling in a real project?
785,Hard,API Design,Explain performance implications of Session Management at scale.
786,Easy,Performance & Scaling,Define Database Transactions with an example.
787,Hard,Authentication & Security,How would you optimize Rate Limiting for millions of users?
788,Easy,System Design,What is JWT Authentication?
789,Medium,Databases,How does Event Loop work internally?
790,Hard,System Design,Explain performance implications of Caching at scale.
791,Medium,Backend Fundamentals,When should you use JWT Authentication in a real project?
792,Hard,Performance & Scaling,Architect a production-ready solution involving Async/Await.
793,Medium,Authentication & Security,When should you use WebSockets in a real project?
794,Hard,Performance & Scaling,Design a scalable system using Database Indexing.
795,Medium,Performance & Scaling,Compare Logging Systems with an alternative approach.
796,Easy,Node.js,Why is Logging Systems used in backend development?
797,Easy,Performance & Scaling,What is Message Queues?
798,Medium,Databases,Implement a basic example using Database Indexing.
799,Easy,Databases,What is Docker?
800,Medium,Express.js,When should you use WebSockets in a real project?
801,Hard,Node.js,Explain performance implications of REST API at scale.
802,Easy,Performance & Scaling,What is Microservices?
803,Easy,Performance & Scaling,Define API Pagination with an example.
804,Easy,API Design,Why is Async/Await used in backend development?
805,Medium,Performance & Scaling,Implement a basic example using Monitoring Tools.
806,Medium,Performance & Scaling,When should you use WebSockets in a real project?
807,Medium,Backend Fundamentals,When should you use Rate Limiting in a real project?
808,Hard,API Design,Explain performance implications of Database Transactions at scale.
809,Easy,API Design,What is Event Loop?
810,Medium,Express.js,How does OAuth2 work internally?
811,Medium,Databases,When should you use API Pagination in a real project?
812,Easy,Backend Fundamentals,Define Logging Systems with an example.
813,Medium,Performance & Scaling,How does REST API work internally?
814,Easy,API Design,What is Logging Systems?
815,Easy,Node.js,What is Message Queues?
816,Medium,Backend Fundamentals,How does JWT Authentication work internally?
817,Medium,Backend Fundamentals,Implement a basic example using Database Indexing.
818,Hard,Authentication & Security,Discuss edge cases and failure handling in Docker.
819,Easy,System Design,Explain WebSockets.
820,Hard,System Design,Discuss edge cases and failure handling in Rate Limiting.
821,Easy,System Design,Why is REST API used in backend development?
822,Easy,Node.js,List key features of Session Management.
823,Hard,Authentication & Security,Explain performance implications of Error Handling at scale.
824,Hard,Authentication & Security,Design a scalable system using Microservices.
825,Easy,Backend Fundamentals,Why is Message Queues used in backend development?
826,Hard,Performance & Scaling,Explain performance implications of Session Management at scale.
827,Medium,Backend Fundamentals,How does Error Handling work internally?
828,Medium,Backend Fundamentals,Explain advantages and disadvantages of Rate Limiting.
829,Easy,Express.js,List key features of Load Balancing.
830,Easy,Databases,Explain Load Balancing.
831,Easy,Databases,List key features of Message Queues.
832,Medium,API Design,Implement a basic example using Error Handling.
833,Hard,API Design,Discuss edge cases and failure handling in Database Indexing.
834,Medium,Performance & Scaling,Implement a basic example using JWT Authentication.
835,Hard,Authentication & Security,How would you optimize Docker for millions of users?
836,Medium,Databases,Compare Database Indexing with an alternative approach.
837,Hard,Backend Fundamentals,Architect a production-ready solution involving Caching.
838,Medium,Performance & Scaling,When should you use Middleware in a real project?
839,Easy,Express.js,Explain JWT Authentication.
840,Hard,System Design,Architect a production-ready solution involving Caching.
841,Hard,Databases,Design a scalable system using Event Loop.
842,Hard,Databases,Design a scalable system using Load Balancing.
843,Hard,Express.js,Explain performance implications of Docker at scale.
844,Medium,Databases,Explain advantages and disadvantages of Error Handling.
845,Hard,System Design,How would you optimize Error Handling for millions of users?
846,Medium,Node.js,When should you use OAuth2 in a real project?
847,Hard,Databases,Discuss edge cases and failure handling in Monitoring Tools.
848,Hard,API Design,Explain performance implications of WebSockets at scale.
849,Hard,Node.js,How would you optimize Middleware for millions of users?
850,Easy,System Design,List key features of Docker.
851,Easy,Express.js,Define Microservices with an example.
852,Easy,Express.js,Define Database Transactions with an example.
853,Medium,Express.js,Compare Logging Systems with an alternative approach.
854,Medium,System Design,Explain advantages and disadvantages of Microservices.
855,Hard,Authentication & Security,How would you optimize Message Queues for millions of users?
856,Medium,Express.js,Implement a basic example using Database Indexing.
857,Medium,Databases,When should you use Message Queues in a real project?
858,Hard,API Design,Design a scalable system using Database Indexing.
859,Easy,Backend Fundamentals,List key features of Monitoring Tools.
860,Medium,Express.js,Explain advantages and disadvantages of REST API.
861,Easy,Backend Fundamentals,What is Database Indexing?
862,Medium,Authentication & Security,How does Logging Systems work internally?
863,Easy,System Design,List key features of Docker.
864,Medium,Express.js,Implement a basic example using Message Queues.
865,Medium,Databases,How does Event Loop work internally?
866,Easy,Express.js,List key features of Message Queues.
867,Medium,Authentication & Security,Compare Async/Await with an alternative approach.
868,Medium,Backend Fundamentals,When should you use REST API in a real project?
869,Medium,System Design,Compare REST API with an alternative approach.
870,Medium,Databases,When should you use Caching in a real project?
871,Hard,Express.js,Architect a production-ready solution involving WebSockets.
872,Medium,Performance & Scaling,When should you use Message Queues in a real project?
873,Hard,Authentication & Security,How would you optimize Docker for millions of users?
874,Hard,API Design,Discuss edge cases and failure handling in Message Queues.
875,Hard,Databases,Design a scalable system using Message Queues.
876,Medium,Databases,Compare OAuth2 with an alternative approach.
877,Easy,Express.js,Explain API Pagination.
878,Hard,API Design,Explain performance implications of WebSockets at scale.
879,Easy,Backend Fundamentals,Explain Logging Systems.
880,Medium,API Design,Explain advantages and disadvantages of Load Balancing.
881,Medium,Express.js,When should you use API Pagination in a real project?
882,Hard,Express.js,Discuss edge cases and failure handling in API Pagination.
883,Easy,Databases,List key features of Async/Await.
884,Medium,Performance & Scaling,Explain advantages and disadvantages of Error Handling.
885,Hard,Performance & Scaling,Architect a production-ready solution involving Error Handling.
886,Easy,API Design,Define JWT Authentication with an example.
887,Easy,Backend Fundamentals,Define Microservices with an example.
888,Medium,Databases,Explain advantages and disadvantages of Load Balancing.
889,Easy,Databases,Why is Caching used in backend development?
890,Medium,API Design,Explain advantages and disadvantages of Microservices.
891,Hard,Authentication & Security,How would you optimize JWT Authentication for millions of users?
892,Hard,Express.js,How would you optimize Message Queues for millions of users?
893,Easy,Databases,List key features of WebSockets.
894,Easy,System Design,Why is Rate Limiting used in backend development?
895,Medium,API Design,How does Rate Limiting work internally?
896,Easy,Authentication & Security,Explain Database Transactions.
897,Easy,API Design,What is JWT Authentication?
898,Hard,System Design,Discuss edge cases and failure handling in OAuth2.
899,Easy,Node.js,What is Middleware?
900,Easy,API Design,Why is OAuth2 used in backend development?
901,Hard,Express.js,Design a scalable system using Database Transactions.
902,Easy,API Design,List key features of Rate Limiting.
903,Medium,Authentication & Security,Explain advantages and disadvantages of Async/Await.
904,Hard,Node.js,Architect a production-ready solution involving Microservices.
905,Medium,Databases,Explain advantages and disadvantages of Rate Limiting.
906,Easy,System Design,Define Message Queues with an example.
907,Medium,Performance & Scaling,Implement a basic example using Rate Limiting.
908,Hard,System Design,How would you optimize Database Transactions for millions of users?
909,Easy,Node.js,Explain API Pagination.
910,Easy,Node.js,Explain Session Management.
911,Medium,Authentication & Security,When should you use Middleware in a real project?
912,Medium,Performance & Scaling,How does WebSockets work internally?
913,Medium,Performance & Scaling,How does Monitoring Tools work internally?
914,Medium,Authentication & Security,Implement a basic example using Logging Systems.
915,Easy,Backend Fundamentals,What is Logging Systems?
916,Easy,Backend Fundamentals,What is WebSockets?
917,Medium,Performance & Scaling,How does Error Handling work internally?
918,Hard,Databases,How would you optimize Logging Systems for millions of users?
919,Medium,API Design,Implement a basic example using Logging Systems.
920,Easy,Node.js,Explain WebSockets.
921,Hard,Databases,How would you optimize WebSockets for millions of users?
922,Easy,Performance & Scaling,What is API Pagination?
923,Easy,System Design,Define Message Queues with an example.
924,Medium,Backend Fundamentals,How does Error Handling work internally?
925,Medium,Performance & Scaling,Implement a basic example using Monitoring Tools.
926,Easy,Node.js,List key features of Session Management.
927,Easy,Node.js,List key features of Message Queues.
928,Hard,Node.js,Design a scalable system using Logging Systems.
929,Hard,Authentication & Security,Explain performance implications of Middleware at scale.
930,Easy,Backend Fundamentals,What is JWT Authentication?
931,Hard,Authentication & Security,Design a scalable system using API Pagination.
932,Easy,System Design,Explain Rate Limiting.
933,Hard,Databases,Design a scalable system using Database Transactions.
934,Easy,API Design,Why is JWT Authentication used in backend development?
935,Easy,API Design,List key features of Event Loop.
936,Medium,Express.js,When should you use Rate Limiting in a real project?
937,Easy,Backend Fundamentals,What is Caching?
938,Hard,Authentication & Security,Explain performance implications of Database Indexing at scale.
939,Medium,System Design,How does Middleware work internally?
940,Hard,API Design,How would you optimize WebSockets for millions of users?
941,Medium,System Design,Compare Monitoring Tools with an alternative approach.
942,Medium,Node.js,How does Microservices work internally?
943,Hard,Databases,Architect a production-ready solution involving WebSockets.
944,Hard,API Design,Architect a production-ready solution involving Database Indexing.
945,Hard,Performance & Scaling,Architect a production-ready solution involving Logging Systems.
946,Easy,Performance & Scaling,Define API Pagination with an example.
947,Hard,Express.js,Discuss edge cases and failure handling in Error Handling.
948,Easy,Performance & Scaling,What is Microservices?
949,Medium,System Design,Explain advantages and disadvantages of REST API.
950,Medium,Express.js,Explain advantages and disadvantages of Middleware.
951,Easy,Backend Fundamentals,Define Middleware with an example.
952,Hard,API Design,Design a scalable system using Middleware.
953,Easy,Node.js,Explain OAuth2.
954,Medium,System Design,Explain advantages and disadvantages of Event Loop.
955,Medium,Databases,Implement a basic example using Async/Await.
956,Easy,Express.js,Explain Docker.
957,Easy,Databases,List key features of Session Management.
958,Medium,API Design,Compare Middleware with an alternative approach.
959,Hard,System Design,Architect a production-ready solution involving Microservices.
960,Medium,Node.js,When should you use Event Loop in a real project?
961,Hard,Databases,Discuss edge cases and failure handling in Caching.
962,Hard,Databases,Design a scalable system using Logging Systems.
963,Medium,Express.js,How does Microservices work internally?
964,Easy,Authentication & Security,Explain Load Balancing.
965,Easy,Authentication & Security,Define Database Transactions with an example.
966,Medium,Backend Fundamentals,How does API Pagination work internally?
967,Medium,Databases,Explain advantages and disadvantages of Async/Await.
968,Easy,Backend Fundamentals,Why is JWT Authentication used in backend development?
969,Easy,API Design,What is Database Indexing?
970,Medium,Backend Fundamentals,Compare Middleware with an alternative approach.
971,Easy,Backend Fundamentals,What is REST API?
972,Hard,Authentication & Security,Design a scalable system using Database Transactions.
973,Hard,API Design,Design a scalable system using OAuth2.
974,Medium,Performance & Scaling,When should you use Database Transactions in a real project?
975,Hard,API Design,Explain performance implications of Load Balancing at scale.
976,Medium,Authentication & Security,Explain advantages and disadvantages of WebSockets.
977,Medium,Backend Fundamentals,Explain advantages and disadvantages of Caching.
978,Easy,Databases,Define Caching with an example.
979,Easy,Express.js,Explain Session Management.
980,Easy,API Design,Define Rate Limiting with an example.
981,Easy,Performance & Scaling,Explain Caching.
982,Easy,Node.js,What is Message Queues?
983,Medium,API Design,When should you use JWT Authentication in a real project?
984,Easy,Node.js,Why is Microservices used in backend development?
985,Medium,API Design,When should you use API Pagination in a real project?
986,Hard,Databases,How would you optimize Microservices for millions of users?
987,Easy,Backend Fundamentals,What is OAuth2?
988,Medium,Backend Fundamentals,How does Docker work internally?
989,Hard,Backend Fundamentals,Discuss edge cases and failure handling in Caching.
990,Medium,Databases,Implement a basic example using Logging Systems.
991,Medium,Node.js,Explain advantages and disadvantages of Docker.
992,Hard,API Design,Explain performance implications of Microservices at scale.
993,Hard,Databases,Discuss edge cases and failure handling in Session Management.
994,Easy,Node.js,What is WebSockets?
995,Hard,Authentication & Security,Design a scalable system using JWT Authentication.
996,Hard,Databases,Explain performance implications of Async/Await at scale.
997,Medium,Authentication & Security,Explain advantages and disadvantages of Async/Await.
998,Hard,Backend Fundamentals,Discuss edge cases and failure handling in Microservices.
999,Easy,Authentication & Security,Why is API Pagination used in backend development?
1000,Easy,Node.js,Explain Microservices.
